{"name":"93b305d6-0c3b-4718-ba4e-f71adbab425c","id":"/providers/Microsoft.Flow/flows/93b305d6-0c3b-4718-ba4e-f71adbab425c","type":"Microsoft.Flow/flows","properties":{"apiId":"/providers/Microsoft.PowerApps/apis/shared_logicflows","displayName":"Set custom status in Teams","definition":{"metadata":{"workflowEntityId":null,"processAdvisorMetadata":null,"flowclientsuspensionreason":"None","flowclientsuspensiontime":null,"creator":{"id":"41f9cf13-7ff5-41fd-85eb-ae97a6c47f06","type":"User","tenantId":"b6c1220d-34e3-48e0-a53f-6d9d01c87312"},"provisioningMethod":"FromDefinition","failureAlertSubscription":true,"clientLastModifiedTime":"2022-06-10T10:14:00.2014131Z"},"$schema":"https://schema.management.azure.com/providers/Microsoft.Logic/schemas/2016-06-01/workflowdefinition.json#","contentVersion":"1.0.0.0","parameters":{"$connections":{"defaultValue":{},"type":"Object"},"$authentication":{"defaultValue":{},"type":"SecureObject"}},"triggers":{"manual":{"metadata":{"operationMetadataId":"8c6c7ae8-9ed5-4368-9ebe-ee321ede9ee7"},"type":"Request","kind":"Button","inputs":{"schema":{"type":"object","properties":{"text":{"title":"Input","type":"string","x-ms-dynamically-added":true,"description":"Where are you working today?","x-ms-content-hint":"TEXT","enum":["Working from home","Working at the office"]}},"required":["text"]}}}},"actions":{"Current_time":{"runAfter":{},"metadata":{"operationMetadataId":"2b8bf081-ce36-4e8c-8a6f-ff1e361f3daf"},"type":"Expression","kind":"CurrentTime","inputs":{}},"Add_to_time":{"runAfter":{"Current_time":["Succeeded"]},"metadata":{"operationMetadataId":"4eca0801-795c-4b4a-8c51-dc849d57ac8a"},"type":"Expression","kind":"AddToTime","inputs":{"baseTime":"@body('Current_time')","interval":8,"timeUnit":"Hour"}},"Condition":{"actions":{"Send_an_HTTP_request_to_SharePoint_2":{"runAfter":{},"metadata":{"operationMetadataId":"9e84988d-aced-49c8-a284-15407174c917"},"type":"OpenApiConnection","inputs":{"host":{"apiId":"/providers/Microsoft.PowerApps/apis/shared_sharepointonline","connectionName":"shared_sharepointonline","operationId":"HttpRequest"},"parameters":{"dataset":"https://presence.teams.microsoft.com","parameters/method":"PUT","parameters/uri":"/v1/me/publishnote","parameters/headers":{"content-type":"application/json"},"parameters/body":"{\n    \"message\": \"I'm WFH today! <pinnednote></pinnednote>\",\n    \"expiry\": \"@{body('Add_to_time')}\"\n}\n"},"authentication":{"value":"@json(decodeBase64(triggerOutputs().headers['X-MS-APIM-Tokens']))['$ConnectionKey']","type":"Raw"}}}},"runAfter":{"Add_to_time":["Succeeded"]},"else":{"actions":{"Send_an_HTTP_request_to_SharePoint_3":{"runAfter":{},"metadata":{"operationMetadataId":"9e84988d-aced-49c8-a284-15407174c917"},"type":"OpenApiConnection","inputs":{"host":{"apiId":"/providers/Microsoft.PowerApps/apis/shared_sharepointonline","connectionName":"shared_sharepointonline","operationId":"HttpRequest"},"parameters":{"dataset":"https://presence.teams.microsoft.com","parameters/method":"PUT","parameters/uri":"/v1/me/publishnote","parameters/headers":{"content-type":"application/json"},"parameters/body":"{\n    \"message\": \"I'm in the office today! <pinnednote></pinnednote>\",\n    \"expiry\": \"@{body('Add_to_time')}\"\n}\n"},"authentication":{"value":"@json(decodeBase64(triggerOutputs().headers['X-MS-APIM-Tokens']))['$ConnectionKey']","type":"Raw"}}}}},"expression":{"equals":["@triggerBody()","Working from home"]},"metadata":{"operationMetadataId":"f7d6a680-a020-4a65-86fd-ebc86996e33d"},"type":"If"}}},"connectionReferences":{"shared_sharepointonline":{"connectionName":"shared-sharepointonl-6c473a0e-116c-4c30-b084-5106-b834266a","source":"Invoker","id":"/providers/Microsoft.PowerApps/apis/shared_sharepointonline","tier":"NotSpecified"}},"flowFailureAlertSubscribed":false,"isManaged":false}}